/*
# Seed Demo Data for Pattern Making Platform

This migration populates the database with demo content:
- Categories and subcategories
- Instructors with profiles
- Sample patterns across all categories
- Courses with lessons
- Multilingual content (EN, FR, AR)
*/

-- Insert main categories
INSERT INTO categories (id, slug, name, description, icon, color, display_order) VALUES
('11111111-1111-1111-1111-111111111001', 'women', '{"en": "Women", "fr": "Femmes", "ar": "نساء"}', '{"en": "Women''s clothing patterns", "fr": "Patrons vêtements femmes", "ar": "أنماط ملابس النساء"}', 'users', 'pink-500', 1),
('11111111-1111-1111-1111-111111111002', 'men', '{"en": "Men", "fr": "Hommes", "ar": "رجال"}', '{"en": "Men''s clothing patterns", "fr": "Patrons vêtements hommes", "ar": "أنماط ملابس الرجال"}', 'user', 'blue-500', 2),
('11111111-1111-1111-1111-111111111003', 'children', '{"en": "Children", "fr": "Enfants", "ar": "أطفال"}', '{"en": "Children''s clothing patterns", "fr": "Patrons vêtements enfants", "ar": "أنماط ملابس الأطفال"}', 'baby', 'yellow-500', 3),
('11111111-1111-1111-1111-111111111004', 'accessories', '{"en": "Accessories", "fr": "Accessoires", "ar": "إكسسوارات"}', '{"en": "Bags, hats, scarves", "fr": "Sacs, chapeaux, écharpes", "ar": "حقائب وقبعات"}', 'shopping-bag', 'purple-500', 4),
('11111111-1111-1111-1111-111111111005', 'traditional', '{"en": "Traditional", "fr": "Traditionnel", "ar": "تقليدي"}', '{"en": "Traditional patterns", "fr": "Patrons traditionnels", "ar": "أنماط تقليدية"}', 'crown', 'amber-500', 5)
ON CONFLICT (slug) DO NOTHING;

-- Subcategories
INSERT INTO categories (id, parent_id, slug, name, description, icon, color, display_order) VALUES
('22222222-1111-1111-1111-111111111001', '11111111-1111-1111-1111-111111111001', 'dresses', '{"en": "Dresses", "fr": "Robes", "ar": "فساتين"}', '{"en": "Women''s dress patterns", "fr": "Patrons robes", "ar": "أنماط الفساتين"}', 'shirt', 'pink-400', 1),
('22222222-1111-1111-1111-111111111002', '11111111-1111-1111-1111-111111111001', 'tops-blouses', '{"en": "Tops & Blouses", "fr": "Hauts & Blouses", "ar": "بلوزات"}', '{"en": "Women''s tops and blouses", "fr": "Hauts et blouses", "ar": "بلوزات نسائية"}', 'shirt', 'rose-400', 2),
('22222222-1111-1111-1111-111111111003', '11111111-1111-1111-1111-111111111001', 'skirts', '{"en": "Skirts", "fr": "Jupes", "ar": "تنانير"}', '{"en": "Women''s skirts", "fr": "Jupes femmes", "ar": "تنانير نسائية"}', 'minus', 'fuchsia-400', 3),
('22222222-1111-1111-1111-111111111004', '11111111-1111-1111-1111-111111111001', 'pants', '{"en": "Pants", "fr": "Pantalons", "ar": "بنطلونات"}', '{"en": "Women''s pants", "fr": "Pantalons femmes", "ar": "بنطلونات نسائية"}', 'move', 'purple-400', 4),
('22222222-1111-1111-1111-111111111005', '11111111-1111-1111-1111-111111111001', 'jackets-coats', '{"en": "Jackets & Coats", "fr": "Vestes & Manteaux", "ar": "جاكيتات ومعاطف"}', '{"en": "Women''s jackets", "fr": "Vestes femmes", "ar": "جاكيتات نسائية"}', 'cloud', 'violet-400', 5),
('22222222-1111-1111-1111-222222222001', '11111111-1111-1111-1111-111111111002', 'shirts', '{"en": "Shirts", "fr": "Chemises", "ar": "قمصان"}', '{"en": "Men''s shirts", "fr": "Chemises hommes", "ar": "قمصان رجالية"}', 'shirt', 'blue-400', 1),
('22222222-1111-1111-1111-222222222003', '11111111-1111-1111-1111-111111111002', 'suits', '{"en": "Suits", "fr": "Costumes", "ar": "بدلات"}', '{"en": "Men''s suits", "fr": "Costumes hommes", "ar": "بدلات رجالية"}', 'briefcase', 'slate-400', 3),
('22222222-1111-1111-1111-333333333001', '11111111-1111-1111-1111-111111111003', 'baby-clothes', '{"en": "Baby Clothes", "fr": "Vêtements bébé", "ar": "ملابس أطفال"}', '{"en": "Patterns for babies", "fr": "Patrons bébé", "ar": "أنماط للأطفال"}', 'baby', 'yellow-300', 1),
('22222222-1111-1111-1111-333333333002', '11111111-1111-1111-1111-111111111003', 'girls', '{"en": "Girls", "fr": "Filles", "ar": "فتيات"}', '{"en": "Girls'' clothing", "fr": "Vêtements filles", "ar": "ملابس فتيات"}', 'heart', 'pink-300', 2),
('22222222-1111-1111-1111-333333333003', '11111111-1111-1111-1111-111111111003', 'boys', '{"en": "Boys", "fr": "Garçons", "ar": "فتيان"}', '{"en": "Boys'' clothing", "fr": "Vêtements garçons", "ar": "ملابس فتيان"}', 'gamepad-2', 'blue-300', 3),
('22222222-1111-1111-1111-444444444001', '11111111-1111-1111-1111-111111111004', 'bags', '{"en": "Bags", "fr": "Sacs", "ar": "حقائب"}', '{"en": "Bag patterns", "fr": "Patrons sacs", "ar": "أنماط حقائب"}', 'shopping-bag', 'amber-400', 1),
('22222222-1111-1111-1111-444444444002', '11111111-1111-1111-1111-111111111004', 'hats', '{"en": "Hats", "fr": "Chapeaux", "ar": "قبعات"}', '{"en": "Hat patterns", "fr": "Patrons chapeaux", "ar": "أنماط قبعات"}', 'crown', 'orange-400', 2),
('22222222-1111-1111-1111-555555555001', '11111111-1111-1111-1111-111111111005', 'abayas', '{"en": "Abayas", "fr": "Abayas", "ar": "عبايات"}', '{"en": "Abaya patterns", "fr": "Patrons abayas", "ar": "أنماط عبايات"}', 'sparkles', 'black', 1),
('22222222-1111-1111-1111-555555555002', '11111111-1111-1111-1111-111111111005', 'kaftans', '{"en": "Kaftans", "fr": "Caftans", "ar": "قفطانات"}', '{"en": "Kaftan patterns", "fr": "Patrons caftans", "ar": "أنماط قفطانات"}', 'crown', 'gold', 2)
ON CONFLICT (slug) DO NOTHING;

-- Insert instructors
INSERT INTO instructors (id, name, bio, avatar_url, credentials, specializations, verified) VALUES
('33333333-1111-1111-1111-111111111001', '{"en": "Marie Laurent", "fr": "Marie Laurent", "ar": "ماري لوران"}', '{"en": "Professional pattern maker with 15 years experience", "fr": "Styliste professionnel", "ar": "صانعة أنماط محترفة"}', 'https://images.pexels.com/photos/3764119/pexels-photo-3764119.jpeg?auto=compress&cs=tinysrgb&w=150', ARRAY['Maitre de Couture', 'Fashion Institute Paris'], ARRAY['Evening Wear', 'Bridal', 'Haute Couture'], true),
('33333333-1111-1111-1111-111111111002', '{"en": "Ahmed Hassan", "fr": "Ahmed Hassan", "ar": "أحمد حسن"}', '{"en": "Expert in traditional Middle Eastern fashion", "fr": "Expert mode Moyen-Orient", "ar": "خبير في الأزياء الشرق أوسطية"}', 'https://images.pexels.com/photos/2379005/pexels-photo-2379005.jpeg?auto=compress&cs=tinysrgb&w=150', ARRAY['Dubai Fashion Academy', 'Master Tailor'], ARRAY['Traditional Wear', 'Abayas', 'Kaftans'], true),
('33333333-1111-1111-1111-111111111003', '{"en": "Sophie Chen", "fr": "Sophie Chen", "ar": "صوفي تشين"}', '{"en": "Specialized in children''s wear", "fr": "Spécialisée enfants", "ar": "متخصصة في ملابس الأطفال"}', 'https://images.pexels.com/photos/3756679/pexels-photo-3756679.jpeg?auto=compress&cs=tinysrgb&w=150', ARRAY['Children''s Wear Certification'], ARRAY['Children''s Wear', 'Baby Clothes'], true),
('33333333-1111-1111-1111-111111111004', '{"en": "Jean-Pierre Dubois", "fr": "Jean-Pierre Dubois", "ar": "جان بيير دوبوا"}', '{"en": "Menswear specialist", "fr": "Spécialiste homme", "ar": "متخصص في ملابس الرجال"}', 'https://images.pexels.com/photos/614810/pexels-photo-614810.jpeg?auto=compress&cs=tinysrgb&w=150', ARRAY['Savile Row Training'], ARRAY['Menswear', 'Suits'], true),
('33333333-1111-1111-1111-111111111005', '{"en": "Yuki Tanaka", "fr": "Yuki Tanaka", "ar": "يوكي تاناكا"}', '{"en": "Expert in Japanese pattern making", "fr": "Expert patrons japonais", "ar": "خبير في الأنماط اليابانية"}', 'https://images.pexels.com/photos/1680152/pexels-photo-1680152.jpeg?auto=compress&cs=tinysrgb&w=150', ARRAY['Tokyo Fashion Institute'], ARRAY['Japanese Patterns', 'Draping'], true),
('33333333-1111-1111-1111-111111111006', '{"en": "Elena Rossi", "fr": "Elena Rossi", "ar": "إيلينا روسي"}', '{"en": "Italian couturier specializing in luxury fabrics", "fr": "Couturier italien luxe", "ar": "مصممة إيطالية فاخرة"}', 'https://images.pexels.com/photos/1547928/pexels-photo-1547928.jpeg?auto=compress&cs=tinysrgb&w=150', ARRAY['Milan Fashion Academy'], ARRAY['Luxury Wear', 'Evening Gowns'], true)
ON CONFLICT DO NOTHING;

-- Insert patterns - Dresses
INSERT INTO patterns (id, category_id, instructor_id, slug, title, description, difficulty, garment_type, fabric_recommendations, estimated_time_minutes, sizes, tags, is_featured, is_published, published_at, views_count, downloads_count, likes_count, rating_average, rating_count) VALUES
('44444444-1111-1111-1111-111111111001', '22222222-1111-1111-1111-111111111001', '33333333-1111-1111-1111-111111111001', 'princess-dress', '{"en": "Princess Dress", "fr": "Robe Princesse", "ar": "فستان الأميرة"}', '{"en": "Elegant princess dress with fitted bodice", "fr": "Élégante robe princesse", "ar": "فستان أميرة أنيق"}', 'intermediate', 'dress', '{"en": "Silk, Satin, Tulle", "fr": "Soie, Satin, Tulle", "ar": "حرير، ساتان، تول"}', 480, '["XS", "S", "M", "L", "XL", "XXL"]', ARRAY['dress', 'formal', 'elegant', 'wedding'], true, true, NOW() - INTERVAL '30 days', 12543, 3456, 892, 4.8, 234),
('44444444-1111-1111-1111-111111111002', '22222222-1111-1111-1111-111111111001', '33333333-1111-1111-1111-111111111001', 'a-line-dress', '{"en": "A-Line Dress", "fr": "Robe Trapèze", "ar": "فستان أي لاين"}', '{"en": "Classic A-line dress suitable for all body types", "fr": "Robe trapèze classique", "ar": "فستان كلاسيكي"}', 'beginner', 'dress', '{"en": "Cotton, Linen", "fr": "Coton, Lin", "ar": "قطن، كتان"}', 240, '["XS", "S", "M", "L", "XL"]', ARRAY['dress', 'casual', 'beginner', 'classic'], true, true, NOW() - INTERVAL '60 days', 18342, 5234, 1234, 4.7, 456),
('44444444-1111-1111-1111-111111111003', '22222222-1111-1111-1111-111111111001', '33333333-1111-1111-1111-111111111006', 'mermaid-dress', '{"en": "Mermaid Dress", "fr": "Robe Sirène", "ar": "فستان حورية البحر"}', '{"en": "Stunning mermaid silhouette dress", "fr": "Magnifique robe sirène", "ar": "فستان مذهل"}', 'advanced', 'dress', '{"en": "Crepe, Silk crepe", "fr": "Crêpe de soie", "ar": "كريب حرير"}', 720, '["XS", "S", "M", "L", "XL"]', ARRAY['dress', 'evening', 'formal', 'wedding'], true, true, NOW() - INTERVAL '45 days', 9876, 2345, 678, 4.9, 189),
('44444444-1111-1111-1111-111111111004', '22222222-1111-1111-1111-111111111001', '33333333-1111-1111-1111-111111111001', 'wrap-dress', '{"en": "Wrap Dress", "fr": "Robe Portefeuille", "ar": "فستان ملتف"}', '{"en": "Versatile wrap dress with flattering fit", "fr": "Robe portefeuille polyvalente", "ar": "فستان ملف متعدد"}', 'intermediate', 'dress', '{"en": "Jersey, Ponte", "fr": "Jersey, Ponte", "ar": "جيرسي، بونتي"}', 300, '["XS", "S", "M", "L", "XL", "XXL"]', ARRAY['dress', 'casual', 'work', 'wrap'], false, true, NOW() - INTERVAL '90 days', 8765, 2876, 543, 4.6, 167),
('44444444-1111-1111-1111-111111111005', '22222222-1111-1111-1111-111111111001', '33333333-1111-1111-1111-111111111006', 'evening-gown', '{"en": "Evening Gown", "fr": "Robe de Soirée", "ar": "فستان سهرة"}', '{"en": "Glamorous red carpet style evening gown", "fr": "Robe de soirée glamour", "ar": "فستان سهرة مذهل"}', 'professional', 'dress', '{"en": "Silk chiffon, Charmeuse", "fr": "Chiffon de soie", "ar": "شيفون حرير"}', 960, '["XS", "S", "M", "L"]', ARRAY['dress', 'evening', 'formal', 'gown'], true, true, NOW() - INTERVAL '20 days', 15678, 1876, 923, 4.9, 145),
('44444444-1111-1111-1111-111111111006', '22222222-1111-1111-1111-111111111001', '33333333-1111-1111-1111-111111111005', 'shift-dress', '{"en": "Shift Dress", "fr": "Robe Chemisier", "ar": "فستان شيفت"}', '{"en": "Simple and elegant shift dress", "fr": "Robe chemisier simple", "ar": "فستان بسيط"}', 'beginner', 'dress', '{"en": "Cotton, Linen", "fr": "Coton, Lin", "ar": "قطن، كتان"}', 180, '["XS", "S", "M", "L", "XL"]', ARRAY['dress', 'casual', 'beginner', 'simple'], false, true, NOW() - INTERVAL '120 days', 7234, 1987, 456, 4.4, 112),
('44444444-1111-1111-1111-111111111007', '22222222-1111-1111-1111-111111111001', '33333333-1111-1111-1111-111111111001', 'maxi-dress', '{"en": "Maxi Dress", "fr": "Robe Longue", "ar": "فستان ماكسي"}', '{"en": "Flowing maxi dress for summer", "fr": "Robe longue fluide", "ar": "فستان طويل"}', 'beginner', 'dress', '{"en": "Rayon, Viscose", "fr": "Rayonne", "ar": "رايون"}', 200, '["XS", "S", "M", "L", "XL", "XXL"]', ARRAY['dress', 'casual', 'summer', 'maxi'], false, true, NOW() - INTERVAL '100 days', 6543, 2109, 389, 4.5, 98),
('44444444-1111-1111-1111-111111111008', '22222222-1111-1111-1111-111111111001', '33333333-1111-1111-1111-111111111006', 'cocktail-dress', '{"en": "Cocktail Dress", "fr": "Robe Cocktail", "ar": "فستان كوكتيل"}', '{"en": "Chic cocktail dress for semi-formal events", "fr": "Robe cocktail chic", "ar": "فستان أنيق"}', 'intermediate', 'dress', '{"en": "Silk crepe, Velvet", "fr": "Crêpe, Velours", "ar": "كريب، مخمل"}', 360, '["XS", "S", "M", "L", "XL"]', ARRAY['dress', 'cocktail', 'party', 'semi-formal'], false, true, NOW() - INTERVAL '50 days', 5432, 1567, 321, 4.6, 87),
('44444444-1111-1111-1111-111111111009', '22222222-1111-1111-1111-111111111001', '33333333-1111-1111-1111-111111111001', 'summer-dress', '{"en": "Summer Dress", "fr": "Robe d''Été", "ar": "فستان صيفي"}', '{"en": "Light and breezy summer dress", "fr": "Robe d''été légère", "ar": "فستان صيفي خفيف"}', 'beginner', 'dress', '{"en": "Cotton voile, Linen", "fr": "Voile, Lin", "ar": "فويل، كتان"}', 150, '["XS", "S", "M", "L", "XL", "XXL"]', ARRAY['dress', 'summer', 'casual', 'beginner'], false, true, NOW() - INTERVAL '80 days', 9876, 3234, 567, 4.7, 134),
('44444444-1111-1111-1111-111111111010', '22222222-1111-1111-1111-111111111001', '33333333-1111-1111-1111-111111111006', 'wedding-dress', '{"en": "Wedding Dress", "fr": "Robe de Mariée", "ar": "فستان زفاف"}', '{"en": "Romantic wedding dress with lace details", "fr": "Robe de mariée romantique", "ar": "فستان زفاف رومانسي"}', 'professional', 'dress', '{"en": "Silk satin, French lace", "fr": "Satin, Dentelle", "ar": "ساتان، دانتيل"}', 1200, '["XS", "S", "M", "L", "XL"]', ARRAY['dress', 'wedding', 'bridal', 'lace'], true, true, NOW() - INTERVAL '15 days', 25678, 1456, 1567, 5.0, 201),
('44444444-1111-1111-1111-111111111011', '22222222-1111-1111-1111-111111111001', '33333333-1111-1111-1111-111111111005', 'kimono-dress', '{"en": "Kimono Dress", "fr": "Robe Kimono", "ar": "فستان كيمونو"}', '{"en": "Japanese-inspired kimono dress", "fr": "Robe kimono japonaise", "ar": "فستان كيمونو ياباني"}', 'intermediate', 'dress', '{"en": "Silk, Rayon", "fr": "Soie, Rayonne", "ar": "حرير، رايون"}', 260, '["XS", "S", "M", "L", "XL"]', ARRAY['dress', 'kimono', 'japanese', 'wrap'], false, true, NOW() - INTERVAL '55 days', 5678, 1543, 345, 4.7, 92),
('44444444-1111-1111-1111-111111111012', '22222222-1111-1111-1111-111111111001', '33333333-1111-1111-1111-111111111001', 'shirt-dress', '{"en": "Shirt Dress", "fr": "Robe Chemise", "ar": "فستان قميص"}', '{"en": "Classic shirt dress with button front", "fr": "Robe chemise classique", "ar": "فستان قميص كلاسيكي"}', 'intermediate', 'dress', '{"en": "Cotton poplin, Linen", "fr": "Popeline, Lin", "ar": "بوبلين، كتان"}', 340, '["XS", "S", "M", "L", "XL", "XXL"]', ARRAY['dress', 'shirt', 'classic', 'work'], false, true, NOW() - INTERVAL '65 days', 7890, 2123, 456, 4.6, 103)
ON CONFLICT (slug) DO NOTHING;

-- Skirts
INSERT INTO patterns (id, category_id, instructor_id, slug, title, description, difficulty, garment_type, fabric_recommendations, estimated_time_minutes, sizes, tags, is_featured, is_published, published_at, views_count, downloads_count, likes_count, rating_average, rating_count) VALUES
('44444444-1111-1111-1111-222222222001', '22222222-1111-1111-1111-111111111003', '33333333-1111-1111-1111-111111111001', 'pencil-skirt', '{"en": "Pencil Skirt", "fr": "Jupe Crayon", "ar": "تنورة قلم"}', '{"en": "Classic pencil skirt for office wear", "fr": "Jupe crayon classique", "ar": "تنورة قلم كلاسيكية"}', 'beginner', 'skirt', '{"en": "Wool blend, Cotton", "fr": "Laine, Coton", "ar": "صوف، قطن"}', 120, '["XS", "S", "M", "L", "XL"]', ARRAY['skirt', 'pencil', 'work', 'classic'], true, true, NOW() - INTERVAL '45 days', 8765, 2987, 543, 4.6, 123),
('44444444-1111-1111-1111-222222222002', '22222222-1111-1111-1111-111111111003', '33333333-1111-1111-1111-111111111001', 'a-line-skirt', '{"en": "A-Line Skirt", "fr": "Jupe Trapèze", "ar": "تنورة أي لاين"}', '{"en": "Versatile A-line skirt", "fr": "Jupe trapèze polyvalente", "ar": "تنورة متعددة"}', 'beginner', 'skirt', '{"en": "Cotton, Linen", "fr": "Coton, Lin", "ar": "قطن، كتان"}', 100, '["XS", "S", "M", "L", "XL", "XXL"]', ARRAY['skirt', 'a-line', 'basics', 'beginner'], false, true, NOW() - INTERVAL '60 days', 7654, 2543, 432, 4.5, 98),
('44444444-1111-1111-1111-222222222003', '22222222-1111-1111-1111-111111111003', '33333333-1111-1111-1111-111111111005', 'pleated-skirt', '{"en": "Pleated Skirt", "fr": "Jupe Plissée", "ar": "تنورة مطوية"}', '{"en": "Beautiful knife pleated skirt", "fr": "Jupe plissée magnifique", "ar": "تنورة مطوية جميلة"}', 'intermediate', 'skirt', '{"en": "Crepe, Georgette", "fr": "Crêpe, Georgette", "ar": "كريب، جورجيت"}', 200, '["XS", "S", "M", "L", "XL"]', ARRAY['skirt', 'pleated', 'school', 'classic'], false, true, NOW() - INTERVAL '55 days', 6543, 1876, 321, 4.7, 87),
('44444444-1111-1111-1111-222222222004', '22222222-1111-1111-1111-111111111003', '33333333-1111-1111-1111-111111111001', 'circle-skirt', '{"en": "Circle Skirt", "fr": "Jupe Cercle", "ar": "تنورة دائرة"}', '{"en": "Full circle skirt for dancing", "fr": "Jupe cercle parfaite", "ar": "تنورة دائرية"}', 'intermediate', 'skirt', '{"en": "Cotton sateen, Taffeta", "fr": "Satin, Taffetas", "ar": "ساتان، تافتا"}', 180, '["XS", "S", "M", "L", "XL"]', ARRAY['skirt', 'circle', 'vintage', 'dancing'], false, true, NOW() - INTERVAL '70 days', 5432, 1654, 287, 4.6, 76),
('44444444-1111-1111-1111-222222222005', '22222222-1111-1111-1111-111111111003', '33333333-1111-1111-1111-111111111005', 'maxi-skirt', '{"en": "Maxi Skirt", "fr": "Jupe Longue", "ar": "تنورة ماكسي"}', '{"en": "Flowing maxi skirt with elastic waist", "fr": "Jupe longue fluide", "ar": "تنورة طويلة"}', 'beginner', 'skirt', '{"en": "Rayon, Cotton gauze", "fr": "Rayonne, Gaze", "ar": "رايون، شاش"}', 90, '["XS", "S", "M", "L", "XL", "XXL", "3XL"]', ARRAY['skirt', 'maxi', 'summer', 'boho'], false, true, NOW() - INTERVAL '80 days', 9876, 3210, 567, 4.5, 134)
ON CONFLICT (slug) DO NOTHING;

-- Tops & Blouses
INSERT INTO patterns (id, category_id, instructor_id, slug, title, description, difficulty, garment_type, fabric_recommendations, estimated_time_minutes, sizes, tags, is_featured, is_published, published_at, views_count, downloads_count, likes_count, rating_average, rating_count) VALUES
('44444444-1111-1111-1111-333333333001', '22222222-1111-1111-1111-111111111002', '33333333-1111-1111-1111-111111111005', 'classic-blouse', '{"en": "Classic Blouse", "fr": "Blouse Classique", "ar": "بلوزة كلاسيكية"}', '{"en": "Timeless blouse with collar and buttons", "fr": "Blouse intemporelle", "ar": "بلوزة خالدة"}', 'intermediate', 'blouse', '{"en": "Cotton, Silk", "fr": "Coton, Soie", "ar": "قطن، حرير"}', 240, '["XS", "S", "M", "L", "XL", "XXL"]', ARRAY['blouse', 'classic', 'work', 'button-up'], true, true, NOW() - INTERVAL '40 days', 7890, 2345, 456, 4.7, 112),
('44444444-1111-1111-1111-333333333002', '22222222-1111-1111-1111-111111111002', '33333333-1111-1111-1111-111111111005', 'peasant-blouse', '{"en": "Peasant Blouse", "fr": "Blouse Paysanne", "ar": "بلوزة فلاحة"}', '{"en": "Romantic peasant blouse with gathered details", "fr": "Blouse paysanne romantique", "ar": "بلوزة رومانسية"}', 'beginner', 'blouse', '{"en": "Cotton voile, Linen", "fr": "Voile, Lin", "ar": "فويل، كتان"}', 150, '["XS", "S", "M", "L", "XL", "XXL", "3XL"]', ARRAY['blouse', 'peasant', 'boho', 'beginner'], false, true, NOW() - INTERVAL '55 days', 6543, 1987, 345, 4.5, 89),
('44444444-1111-1111-1111-333333333003', '22222222-1111-1111-1111-111111111002', '33333333-1111-1111-1111-111111111005', 'wrap-top', '{"en": "Wrap Top", "fr": "Haut Portefeuille", "ar": "توب ملتف"}', '{"en": "Flattering wrap top with tie closure", "fr": "Haut portefeuille flatteur", "ar": "توب ملف مغرير"}', 'beginner', 'top', '{"en": "Jersey, Cotton", "fr": "Jersey, Coton", "ar": "جيرسي، قطن"}', 120, '["XS", "S", "M", "L", "XL", "XXL"]', ARRAY['top', 'wrap', 'beginner', 'versatile'], false, true, NOW() - INTERVAL '70 days', 5678, 1876, 321, 4.6, 78)
ON CONFLICT (slug) DO NOTHING;

-- Pants
INSERT INTO patterns (id, category_id, instructor_id, slug, title, description, difficulty, garment_type, fabric_recommendations, estimated_time_minutes, sizes, tags, is_featured, is_published, published_at, views_count, downloads_count, likes_count, rating_average, rating_count) VALUES
('44444444-1111-1111-1111-444444444001', '22222222-1111-1111-1111-111111111004', '33333333-1111-1111-1111-111111111001', 'straight-pants', '{"en": "Straight Leg Pants", "fr": "Pantalon Droit", "ar": "بنطلون مستقيم"}', '{"en": "Classic straight leg pants", "fr": "Pantalon droit classique", "ar": "بنطلون كلاسيكي"}', 'intermediate', 'pants', '{"en": "Cotton twill, Wool", "fr": "Sergé, Laine", "ar": "تويل، صوف"}', 240, '["XS", "S", "M", "L", "XL", "XXL"]', ARRAY['pants', 'straight', 'classic', 'work'], true, true, NOW() - INTERVAL '35 days', 9876, 2876, 567, 4.6, 134),
('44444444-1111-1111-1111-444444444002', '22222222-1111-1111-1111-111111111004', '33333333-1111-1111-1111-111111111001', 'wide-leg-pants', '{"en": "Wide Leg Pants", "fr": "Pantalon Large", "ar": "بنطلون واسع"}', '{"en": "Flowing wide leg pants with high waist", "fr": "Pantalon large fluide", "ar": "بنطلون واسع"}', 'intermediate', 'pants', '{"en": "Rayon, Crepe", "fr": "Rayonne, Crêpe", "ar": "رايون، كريب"}', 220, '["XS", "S", "M", "L", "XL", "XXL"]', ARRAY['pants', 'wide-leg', 'elegant', 'high-waist'], false, true, NOW() - INTERVAL '50 days', 7654, 2123, 432, 4.7, 98),
('44444444-1111-1111-1111-444444444003', '22222222-1111-1111-1111-111111111004', '33333333-1111-1111-1111-111111111001', 'joggers', '{"en": "Joggers", "fr": "Joggers", "ar": "بنطلون رياضي"}', '{"en": "Comfortable jogger pants with cuffs", "fr": "Joggers confortables", "ar": "بنطلون رياضي مريح"}', 'beginner', 'pants', '{"en": "French terry, Jersey", "fr": "French terry, Jersey", "ar": "جيرسي، فليس"}', 150, '["XS", "S", "M", "L", "XL", "XXL", "3XL"]', ARRAY['pants', 'joggers', 'casual', 'athletic'], false, true, NOW() - INTERVAL '75 days', 11234, 3654, 654, 4.4, 145)
ON CONFLICT (slug) DO NOTHING;

-- Jackets
INSERT INTO patterns (id, category_id, instructor_id, slug, title, description, difficulty, garment_type, fabric_recommendations, estimated_time_minutes, sizes, tags, is_featured, is_published, published_at, views_count, downloads_count, likes_count, rating_average, rating_count) VALUES
('44444444-1111-1111-1111-555555555001', '22222222-1111-1111-1111-111111111005', '33333333-1111-1111-1111-111111111001', 'tailored-blazer', '{"en": "Tailored Blazer", "fr": "Blazer Taillé", "ar": "بليزر مفصل"}', '{"en": "Classic tailored blazer", "fr": "Blazer classique taillé", "ar": "بليزر كلاسيكي"}', 'advanced', 'jacket', '{"en": "Wool blend, Suiting", "fr": "Laine, Costume", "ar": "صوف، بدلات"}', 480, '["XS", "S", "M", "L", "XL", "XXL"]', ARRAY['jacket', 'blazer', 'tailored', 'work'], true, true, NOW() - INTERVAL '25 days', 8765, 1987, 543, 4.8, 112),
('44444444-1111-1111-1111-555555555002', '22222222-1111-1111-1111-111111111005', '33333333-1111-1111-1111-111111111001', 'denim-jacket', '{"en": "Denim Jacket", "fr": "Veste en Jean", "ar": "جاكيت دينيم"}', '{"en": "Classic denim jacket", "fr": "Veste en jean classique", "ar": "جاكيت جينز كلاسيكي"}', 'intermediate', 'jacket', '{"en": "Denim 10-12oz", "fr": "Denim", "ar": "دينيم"}', 360, '["XS", "S", "M", "L", "XL", "XXL"]', ARRAY['jacket', 'denim', 'casual', 'classic'], false, true, NOW() - INTERVAL '45 days', 6543, 1876, 387, 4.6, 87),
('44444444-1111-1111-1111-555555555003', '22222222-1111-1111-1111-111111111005', '33333333-1111-1111-1111-111111111001', 'bomber-jacket', '{"en": "Bomber Jacket", "fr": "Blouson Aviateur", "ar": "جاكيت بومبر"}', '{"en": "Trendy bomber jacket", "fr": "Blouson aviateur tendance", "ar": "جاكيت بومبر عصري"}', 'intermediate', 'jacket', '{"en": "Nylon, Satin", "fr": "Nylon, Satin", "ar": "نايلون، ساتان"}', 300, '["XS", "S", "M", "L", "XL", "XXL"]', ARRAY['jacket', 'bomber', 'casual', 'trendy'], false, true, NOW() - INTERVAL '55 days', 9876, 2654, 543, 4.5, 123)
ON CONFLICT (slug) DO NOTHING;

-- Children's wear
INSERT INTO patterns (id, category_id, instructor_id, slug, title, description, difficulty, garment_type, fabric_recommendations, estimated_time_minutes, sizes, tags, is_featured, is_published, published_at, views_count, downloads_count, likes_count, rating_average, rating_count) VALUES
('44444444-1111-1111-1111-666666666001', '22222222-1111-1111-1111-333333333001', '33333333-1111-1111-1111-111111111003', 'baby-romper', '{"en": "Baby Romper", "fr": "Combinaison Bébé", "ar": "روبر طفل"}', '{"en": "Cute baby romper with snap closure", "fr": "Combinaison bébé mignonne", "ar": "روبر طفل لطيف"}', 'beginner', 'romper', '{"en": "Cotton knit, Jersey", "fr": "Maille coton", "ar": "جيرسي قطن"}', 120, '["0-3M", "3-6M", "6-12M", "12-18M"]', ARRAY['baby', 'romper', 'infant', 'beginner'], true, true, NOW() - INTERVAL '20 days', 7654, 2345, 432, 4.7, 98),
('44444444-1111-1111-1111-666666666002', '22222222-1111-1111-1111-333333333002', '33333333-1111-1111-1111-111111111003', 'girls-party-dress', '{"en": "Girls Party Dress", "fr": "Robe de Fille", "ar": "فستان بنت"}', '{"en": "Pretty party dress for girls", "fr": "Jolie robe de fête", "ar": "فستان حفلة جميل"}', 'intermediate', 'dress', '{"en": "Cotton, Tulle", "fr": "Coton, Tulle", "ar": "قطن، تول"}', 180, '["2Y", "3Y", "4Y", "5Y", "6Y", "7Y", "8Y"]', ARRAY['girls', 'dress', 'party', 'children'], false, true, NOW() - INTERVAL '48 days', 8765, 2543, 543, 4.6, 112),
('44444444-1111-1111-1111-666666666003', '22222222-1111-1111-1111-333333333003', '33333333-1111-1111-1111-111111111003', 'boys-shirt', '{"en": "Boys Shirt", "fr": "Chemise Garçon", "ar": "قميص ولد"}', '{"en": "Classic button-up shirt for boys", "fr": "Chemise boutonnée classique", "ar": "قميص كلاسيكي"}', 'intermediate', 'shirt', '{"en": "Cotton, Oxford", "fr": "Coton, Oxford", "ar": "قطن، أوكسفورد"}', 160, '["2Y", "3Y", "4Y", "5Y", "6Y", "7Y", "8Y", "10Y"]', ARRAY['boys', 'shirt', 'classic', 'school'], false, true, NOW() - INTERVAL '42 days', 5678, 1876, 321, 4.4, 76)
ON CONFLICT (slug) DO NOTHING;

-- Traditional wear
INSERT INTO patterns (id, category_id, instructor_id, slug, title, description, difficulty, garment_type, fabric_recommendations, estimated_time_minutes, sizes, tags, is_featured, is_published, published_at, views_count, downloads_count, likes_count, rating_average, rating_count) VALUES
('44444444-1111-1111-1111-777777777001', '22222222-1111-1111-1111-555555555001', '33333333-1111-1111-1111-111111111002', 'classic-abaya', '{"en": "Classic Abaya", "fr": "Abaya Classique", "ar": "عباية كلاسيكية"}', '{"en": "Elegant classic abaya", "fr": "Abaya classique élégante", "ar": "عباية كلاسيكية أنيقة"}', 'intermediate', 'abaya', '{"en": "Crepe, Nidha", "fr": "Crêpe, Nidha", "ar": "كريب، ندا"}', 300, '["XS", "S", "M", "L", "XL", "XXL", "3XL", "4XL"]', ARRAY['abaya', 'traditional', 'modest', 'elegant'], true, true, NOW() - INTERVAL '22 days', 15678, 4321, 987, 4.9, 234),
('44444444-1111-1111-1111-777777777002', '22222222-1111-1111-1111-555555555001', '33333333-1111-1111-1111-111111111002', 'embroidered-abaya', '{"en": "Embroidered Abaya", "fr": "Abaya Brodée", "ar": "عباية مطرزة"}', '{"en": "Luxurious abaya with embroidery", "fr": "Abaya luxueuse brodée", "ar": "عباية فاخرة مطرزة"}', 'advanced', 'abaya', '{"en": "Silk crepe, Embroidered", "fr": "Crêpe de soie, Broderie", "ar": "كريب حرير، مطرز"}', 480, '["XS", "S", "M", "L", "XL", "XXL"]', ARRAY['abaya', 'embroidered', 'luxury', 'formal'], true, true, NOW() - INTERVAL '28 days', 12345, 2876, 765, 4.8, 178),
('44444444-1111-1111-1111-777777777003', '22222222-1111-1111-1111-555555555002', '33333333-1111-1111-1111-111111111002', 'moroccan-kaftan', '{"en": "Moroccan Kaftan", "fr": "Caftan Marocain", "ar": "قفطان مغربي"}', '{"en": "Beautiful Moroccan kaftan with belt", "fr": "Magnifique caftan marocain", "ar": "قفطان مغربي جميل"}', 'advanced', 'kaftan', '{"en": "Brocade, Velvet, Silk", "fr": "Brocart, Velours, Soie", "ar": "بروكار، مخمل، حرير"}', 420, '["XS", "S", "M", "L", "XL", "XXL"]', ARRAY['kaftan', 'moroccan', 'traditional', 'wedding'], true, true, NOW() - INTERVAL '15 days', 18765, 3543, 876, 4.9, 198)
ON CONFLICT (slug) DO NOTHING;

-- Men's wear
INSERT INTO patterns (id, category_id, instructor_id, slug, title, description, difficulty, garment_type, fabric_recommendations, estimated_time_minutes, sizes, tags, is_featured, is_published, published_at, views_count, downloads_count, likes_count, rating_average, rating_count) VALUES
('44444444-1111-1111-1111-888888888001', '22222222-1111-1111-1111-222222222001', '33333333-1111-1111-1111-111111111004', 'oxford-shirt', '{"en": "Oxford Shirt", "fr": "Chemise Oxford", "ar": "قميص أوكسفورد"}', '{"en": "Classic Oxford shirt", "fr": "Chemise Oxford classique", "ar": "قميص أوكسفورد كلاسيكي"}', 'intermediate', 'shirt', '{"en": "Oxford cloth, Cotton", "fr": "Oxford, Coton", "ar": "أوكسفورد، قطن"}', 280, '["XS", "S", "M", "L", "XL", "XXL"]', ARRAY['shirt', 'oxford', 'classic', 'mens'], true, true, NOW() - INTERVAL '30 days', 9876, 2654, 543, 4.7, 123),
('44444444-1111-1111-1111-888888888002', '22222222-1111-1111-1111-222222222003', '33333333-1111-1111-1111-111111111004', 'two-piece-suit', '{"en": "Two-Piece Suit", "fr": "Costume Deux Pièces", "ar": "بدلة قطعتين"}', '{"en": "Professional two-piece suit", "fr": "Costume professionnel", "ar": "بدلة احترافية"}', 'professional', 'suit', '{"en": "Wool blend, Suiting", "fr": "Laine, Costume", "ar": "صوف، بدلات"}', 720, '["XS", "S", "M", "L", "XL", "XXL"]', ARRAY['suit', 'formal', 'mens', 'professional'], true, true, NOW() - INTERVAL '25 days', 11234, 2123, 654, 4.9, 167)
ON CONFLICT (slug) DO NOTHING;

-- Accessories
INSERT INTO patterns (id, category_id, instructor_id, slug, title, description, difficulty, garment_type, fabric_recommendations, estimated_time_minutes, sizes, tags, is_featured, is_published, published_at, views_count, downloads_count, likes_count, rating_average, rating_count) VALUES
('44444444-1111-1111-1111-999999999001', '22222222-1111-1111-1111-444444444001', '33333333-1111-1111-1111-111111111005', 'tote-bag', '{"en": "Tote Bag", "fr": "Sac Cabas", "ar": "حقيبة توت"}', '{"en": "Stylish tote bag with inner pocket", "fr": "Sac cabas élégant", "ar": "حقيبة توت أنيقة"}', 'beginner', 'bag', '{"en": "Canvas, Cotton duck", "fr": "Toile, Coton", "ar": "كانفاس، قطن"}', 120, '["one-size"]', ARRAY['bag', 'tote', 'accessory', 'beginner'], true, true, NOW() - INTERVAL '15 days', 12345, 4567, 876, 4.8, 198),
('44444444-1111-1111-1111-999999999002', '22222222-1111-1111-1111-444444444001', '33333333-1111-1111-1111-111111111005', 'crossbody-bag', '{"en": "Crossbody Bag", "fr": "Sac Bandoulière", "ar": "حقيبة كروس"}', '{"en": "Versatile crossbody bag", "fr": "Sac bandoulière polyvalent", "ar": "حقيبة متعددة"}', 'intermediate', 'bag', '{"en": "Leather, Canvas", "fr": "Cuir, Toile", "ar": "جلد، كانفاس"}', 180, '["one-size"]', ARRAY['bag', 'crossbody', 'everyday'], false, true, NOW() - INTERVAL '25 days', 8765, 2345, 543, 4.6, 112),
('44444444-1111-1111-1111-999999999003', '22222222-1111-1111-1111-444444444002', '33333333-1111-1111-1111-111111111005', 'sun-hat', '{"en": "Sun Hat", "fr": "Chapeau de Soleil", "ar": "قبعة شمس"}', '{"en": "Wide brim sun hat", "fr": "Chapeau large bord", "ar": "قبعة شمس واسعة"}', 'beginner', 'hat', '{"en": "Straw, Cotton", "fr": "Paille, Coton", "ar": "قش، قطن"}', 90, '["S", "M", "L"]', ARRAY['hat', 'summer', 'sun', 'beginner'], false, true, NOW() - INTERVAL '45 days', 5678, 1987, 345, 4.7, 76)
ON CONFLICT (slug) DO NOTHING;

-- Insert Courses
INSERT INTO courses (id, instructor_id, category_id, slug, title, subtitle, description, level, duration_hours, is_free, is_featured, is_published, published_at, enrolled_count, rating_average, rating_count) VALUES
('55555555-1111-1111-1111-111111111001', '33333333-1111-1111-1111-111111111001', '11111111-1111-1111-1111-111111111001', 'pattern-making-fundamentals', '{"en": "Pattern Making Fundamentals", "fr": "Fondamentaux du Patronage", "ar": "أساسيات صناعة الأنماط"}', '{"en": "Master the basics of pattern making", "fr": "Maîtrisez les bases du patronage", "ar": "أتقن أساسيات صناعة الأنماط"}', '{"en": "Learn essential techniques for creating professional patterns.", "fr": "Apprenez les techniques essentielles.", "ar": "تعلم التقنيات الأساسية."}', 'beginner', 12.5, true, true, true, NOW() - INTERVAL '60 days', 2345, 4.8, 189),
('55555555-1111-1111-1111-111111111002', '33333333-1111-1111-1111-111111111001', '22222222-1111-1111-1111-111111111001', 'dressmaking-mastery', '{"en": "Dressmaking Mastery", "fr": "Maîtrise de la Création de Robes", "ar": "إتقان صناعة الفساتين"}', '{"en": "Create stunning dresses from basic to advanced", "fr": "Créez des robes magnifiques", "ar": "أنشئ فساتين مذهلة"}', '{"en": "Master the art of dressmaking.", "fr": "Maîtrisez la création de robes.", "ar": "أتقن فن صناعة الفساتين."}', 'intermediate', 18.0, false, true, true, NOW() - INTERVAL '45 days', 1876, 4.9, 156),
('55555555-1111-1111-1111-111111111003', '33333333-1111-1111-1111-111111111002', '22222222-1111-1111-1111-555555555001', 'traditional-abaya-design', '{"en": "Traditional Abaya Design", "fr": "Design d''Abaya", "ar": "تصميم العبايات"}', '{"en": "Learn to design beautiful abayas", "fr": "Apprenez à créer des abayas", "ar": "تعلم تصميم العبايات"}', '{"en": "Discover traditional Middle Eastern dress design.", "fr": "Découvrez le design du Moyen-Orient.", "ar": "اكتشف فن التصميم الشرقي."}', 'intermediate', 15.0, false, true, true, NOW() - INTERVAL '30 days', 1234, 4.9, 98),
('55555555-1111-1111-1111-111111111004', '33333333-1111-1111-1111-111111111004', '22222222-1111-1111-1111-222222222003', 'mens-tailoring', '{"en": "Men''s Tailoring Excellence", "fr": "Excellence en Tailoring", "ar": "التفوق في التفصيل الرجالي"}', '{"en": "Professional tailoring for men''s suits", "fr": "Tailoring professionnel", "ar": "تفصيل احترافي"}', '{"en": "Learn professional tailoring techniques.", "fr": "Apprenez le tailoring professionnel.", "ar": "تعلم التفصيل الاحترافي."}', 'advanced', 24.0, false, true, true, NOW() - INTERVAL '20 days', 987, 4.8, 87),
('55555555-1111-1111-1111-111111111005', '33333333-1111-1111-1111-111111111003', '22222222-1111-1111-1111-333333333001', 'childrenswear-design', '{"en": "Children''swear Design", "fr": "Vêtements Enfants", "ar": "تصميم ملابس الأطفال"}', '{"en": "Design adorable children''s clothing", "fr": "Concevez des vêtements enfants", "ar": "صمم ملابس أطفال"}', '{"en": "Create comfortable clothing for children.", "fr": "Créez des vêtements pour enfants.", "ar": "أنشئ ملابس أطفال."}', 'beginner', 10.0, true, false, true, NOW() - INTERVAL '50 days', 1567, 4.6, 112)
ON CONFLICT (slug) DO NOTHING;

-- Insert Lessons
INSERT INTO lessons (id, course_id, title, description, video_duration_seconds, display_order, is_published, is_preview) VALUES
('66666666-1111-1111-1111-111111111001', '55555555-1111-1111-1111-111111111001', '{"en": "Introduction to Pattern Making", "fr": "Introduction au Patronage", "ar": "مقدمة في صناعة الأنماط"}', '{"en": "Welcome to pattern making.", "fr": "Bienvenue au patronage.", "ar": "مرحبًا في عالم الأنماط."}', 720, 1, true, true),
('66666666-1111-1111-1111-111111111002', '55555555-1111-1111-1111-111111111001', '{"en": "Taking Body Measurements", "fr": "Prendre les Mensurations", "ar": "أخذ المقاسات"}', '{"en": "Learn to take measurements.", "fr": "Apprenez à prendre les mensurations.", "ar": "تعلم أخذ المقاسات."}', 960, 2, true, false),
('66666666-1111-1111-1111-111111111003', '55555555-1111-1111-1111-111111111001', '{"en": "Creating the Basic Bodice Block", "fr": "Créer le Bloc Corsage", "ar": "إنشاء بلوك الجسم"}', '{"en": "Draft your first bodice block.", "fr": "Créez votre premier bloc.", "ar": "أنشئ البلوك الأول."}', 1200, 3, true, false),
('66666666-1111-1111-1111-111111111004', '55555555-1111-1111-1111-111111111001', '{"en": "Creating the Basic Skirt Block", "fr": "Créer le Bloc Jupe", "ar": "إنشاء بلوك التنورة"}', '{"en": "Learn to draft skirt block.", "fr": "Apprenez à créer un bloc jupe.", "ar": "تعلم رسم بلوك التنورة."}', 1080, 4, true, false),
('66666666-1111-1111-1111-111111111005', '55555555-1111-1111-1111-111111111001', '{"en": "Understanding Ease and Fit", "fr": "Comprendre l''Aisance", "ar": "فهم السعة"}', '{"en": "Discover ease and fit.", "fr": "Découvrez l''aisance.", "ar": "اكتشف مفهوم السعة."}', 840, 5, true, false),
('66666666-1111-1111-1111-111111111006', '55555555-1111-1111-1111-111111111002', '{"en": "Introduction to Dressmaking", "fr": "Introduction à la Création de Robes", "ar": "مقدمة في صناعة الفساتين"}', '{"en": "Start your dressmaking journey.", "fr": "Commencez votre voyage.", "ar": "ابدأ رحلتك."}', 840, 1, true, true),
('66666666-1111-1111-1111-111111111007', '55555555-1111-1111-1111-111111111002', '{"en": "Simple Shift Dress", "fr": "Robe Chemisier Simple", "ar": "فستان شيفت بسيط"}', '{"en": "Create your first shift dress.", "fr": "Créez votre première robe.", "ar": "أنشئ أول فستان."}', 1500, 2, true, false)
ON CONFLICT DO NOTHING;
